id,source_id,sentence1,sentence2,label,human_label,notes
146,148,2008 年，北方搖滾銀行被國有化，因為公佈公司得到英國政府的緊急支援,喺北岩銀行得到英國政府嘅緊急支持之後，呢間公司喺 2008 年國有化,2,,
552,554,產品可以按需要購買，但大多數產品對表現嘅影響好細或者根本冇實際影響,需要買到嘅產品都可以買到但大部分產品對性能有很少或者冇任何真正影響,1,,
1400,1680,實地考察係所有教學的重要一部分。好多時候，先生會好樂意帶學生去啲搭巴士去唔到嘅地方,實地旅行係任何教室嘅重要部分。 教師好常會帶學生去地方坐巴士唔可以去的地方,1,,
817,819,當你旅遊嘅時候，唔使望一切都好似「返鄉下」噉。禮儀、法律、食物、交通、住宿、標準、語言等等都會喺某程度上同你住嘅地方唔同,"當你去旅行時，你會期望事情唔會好似你""返屋企""咁",1,,
1300,1483,"浪漫主義係文化決定主義嘅重要要素， 由 Goethe,Fichte,Schlegel 等作家所提取",浪漫主義有好大嘅文化決定論因素，從歌德、費希特同施萊格爾等作家身上可以推斷出嚟,2,,
224,226,大家之所以知道佢嘅存在，係因為佢對宇宙膨脹嘅影響,佢存在嘅原因係佢對宇宙嘅擴張造成嘅影響,1,,
1149,1332,美國聯邦航空局聲稱，NextGen系統可以縮短飛機航線，每年慳幾百萬加侖嘅燃料，同埋減少碳排放,NextGen係一個系統 FAA聲稱機機可以飛短路線節省每年幾百萬加燃料,1,,
775,777,多年嚟我哋用過好多唔同格式嘅菲林。標準35毫米菲林（36x24毫米負片）係最常見嘅,多年來，已經用過好多唔同嘅影像格式。標準 35mm影像 (36×24mm負) 係最常見嘅,1,,
1309,1492,到中世紀末期，西歐開始發展出自己嘅風格。當時最重大嘅發展嚟自十字軍，令大家都開始用衫鈕扣衫,歐洲西部開始發展自己嘅風格歷史上最大嘅發展之一係因為十字軍開始用按綁住衣服,1,,
1361,1641,悲哀嘅係，隨著新嘅寫法出現， 筆被推低,可悲嘅係，隨住新嘅書寫方法嘅出現，鉛筆嘅地位同用途都有所降低,2,,
1209,1392,希伯來人大部分生活都喺空中發生,大部分希伯來人嘅家庭生活，都喺戶外進行,2,,
1098,1281,佢最初喺大耶爾馬斯嘅詹姆斯佩格醫院入院,原先，佢喺大雅茅斯嘅詹姆士·佩吉特醫院留醫,2,,
735,737,公園服務 (MINAE) 預計抵達之前，唔需要超過一個月發出公園許可證,公園管理局（MINAE）唔會喺預計抵達日期前超過一個月簽發公園許可證,2,,
727,729,寶雲島係一個好受歡迎嘅一日遊或者週末短途遊打卡地，有皮划艇、遠足、商店同餐廳等,波文島係一個受歡迎嘅一日遊或週末遊覽提供渡輪，徒步旅行，商店，餐廳等,1,,
542,544,美國嘅計劃係從三個唔同嘅方向發動協同攻擊,美國計劃依賴於從三個不同方向發起編排嘅攻擊,1,,
283,285,拉脫維亞同斯洛伐克都延遲加入 ACTA 嘅進程,拉脱維亞同斯洛伐克都延遲加入 ACTA 過程,1,,
1266,1449,哩段時間，好多貴族爭奪王位,喺呢啲時期，好多爭奪皇位嘅貴族之間都發生咗激烈嘅戰爭,2,,
747,749,坐自己車去做漫長嘅公路旅行簡單性係個吸引力,坐上自己嘅車，出發去長途自駕遊，箇中嘅簡單體驗有內在嘅吸引力,2,,
13,13,拿度喺比賽入面嘅網前得分係88%，喺首個發球局贏得76分,Nadal 喺第一場比賽中獲得 88% 純點,1,,
1133,1316,其他摔角手都向Luna致敬,同者亦都向Luna致敬,1,,
1034,1217,國際制裁意味住唔可以買入新嘅飛機,國際制裁令新飛機買唔起,1,,
1287,1470,暴徒迫使王和女王放開車窗,呢班人強迫國王同王后將馬車嘅窗打開,2,,
88,88,當局除咗確認今日嘅拘捕行動，另外提供嘅官方資料唔多,官員官方除咗確認今日逮捕之外冇話得知,1,,
696,698,厄瓜多爾要求古巴公民喺國際機場或者邊境入境點入境之前收到邀請書,厄瓜多爾要求古巴公民收到邀請函之後先可以通過國際機場或邊境入境點入境厄瓜多爾,2,,
946,948,當你到达海灘之後，一切都會好明顯你會遇到其他船上乘坐車嘅人,請放心，你去到碼頭，一切都會清清楚楚。你會遇到其他搭順風船嘅人，佢哋會同你分享佢哋嘅情報,2,,
1330,1609,交通系統點解會引起咁多抱怨，點解每日都失敗？ 交通工程師係冇能力？ 或者有啲更基本嘅問題發生緊嗎,點解交通系統會招致噉嘅投訴，點解佢哋日日都會壞？交通工程師係咪唔稱職呢？定係因為有某啲更根本嘅問題,2,,
318,320,由嗰陣時起，中國嘅經濟規模增長咗九十倍,自從嗰時起，中國嘅經濟規模增加咗90倍,1,,
1221,1404,"黎個國家由""維奇""法國人統治",佢由「維希」法國人統治。呢班法國人喺1940年同德國人講和，兼且同侵略者合作而唔係對抗佢哋,2,,
51,51,今年 4 月，格林法官頒布咗一項針對呢個設施嘅臨時限制令，下令強制釋放還押超過 24 小時都冇接受法庭專員聆訊嘅人士,今年 4 月， 格林法官發出咗暫時停留令要求釋放被拘留者超過 24 小時之後冇接受法院委員審理,1,,
1326,1605,喺呢種動態運輸系統之中，每個人都喺某程度上以私家車連結同支援運輸系統,喺呢個動態嘅交通車每個人都用某種方式聯繫到建立喺私人車嘅交通系統,1,,
501,503,MySpace係美國第三大最受歡迎嘅網站，現時擁有5400萬用戶,MySpace 係美國第三大最受歡迎嘅網站目前有5400萬個網頁,1,,
1395,1675,雖然人工智能具有科學小說嘅強烈含義，但人工智能形成了電腦科學嘅一個非常重要的分支，處理機器中的行為，學習和智能適應,雖然人工智能有強烈嘅科幻小說意味，但係人工智能形成咗電腦科學嘅一個非常重要嘅分支，牽涉到機器中嘅行為、學習同智能適應,2,,
333,335,土耳其天后Sezen Aksu同意大利男高音Alessandro Safina、希臘歌手Haris Alexiou同台表演,土耳其女歌手Sezen Aksu 表演同意大利歌手Alessandro Safina同希臘歌手Haris Alexiou一齊,1,,
781,783,野生動物攝影通常需要一個長焦鏡頭，不過好似一群雀鳥或一隻微細生物之類就需要其他鏡頭,野生動物攝影通常需要長遠鏡頭雖然鳥群或者小生物需要其他鏡頭,1,,
1043,1226,波特羅當時接受咗肩部治療，諗住返到賽場繼續比賽,Potro 喺呢一刻接受咗肩部治療但佢返返去遊戲,1,,
130,132,洛杉磯警察局發言人基斯杜化·加西亞話，呢名男性疑犯正喺度接受私闖民宅調查，而唔係蓄意破壞嘅調查,洛杉磯警察局發言人 Christopher Garcia 表示被疑犯男子被調查為侵權而唔係破壞,1,,
1392,1672,長期以嚟，大家都知道唔同類型嘅腦損傷、創傷、病變同腫瘤會影響行為，並導致某啲心理功能發生變化,已經知道好耐以前腦部損傷，創傷，傷害同腫瘤嘅不同種類影響行為,1,,
1140,1323,奧林匹克金牌贏家應喺英國聯邦大賽 100 米， 200 米自由泳體，三次連續泳，但因為他的抱怨，他的健身已經受到疑惑,呢位奧運金牌得主本來應該喺英聯邦運動會參加100米同200米嘅自由泳，同埋三項接力賽，但因為佢嘅病情，令佢嘅健康狀況一直受到質疑,2,,
161,163,復仇者級嘅礦山反措施船， 該船正前往帕拉瓦納嘅波多普林塞薩,一艘復仇者級嘅反水雷艦正喺度駛向巴拉望省嘅普林塞薩港,2,,
689,691,參觀呢個地方可以好方便咁組合到去湖泊乘船,參觀呢個景點可以順便搭船遊湖,2,,
777,779,有啲中型影像相機用6x6cm格式，更準確地用56x56mm負,有啲中片幅菲林相機使用6x6厘米嘅格式，準確啲講係56x56毫米負片,2,,
1197,1380,我哋唔清楚但佢可能有叉舌頭佢嘅飲食包括魚，大魚，其他馬薩索爾甚至可能係食肉動物,我哋唔確定，但佢可能有條分叉嘅脷。佢食嘅嘢包括海龜、大型魚類、其他滄龍，甚至可能同類相殘,2,,
23,23,今日嘅最佳選手係華盛頓首都嘅亞歷克斯·奧韋奇金,今日嘅最佳球員係華盛頓首都隊嘅 Alex Ovechkin,1,,
393,395,不過，幾隻皇家海軍船都靠近可能入侵嘅航線因為海上上將軍擔心將會被德國空襲淹沒,不過，由於海軍上將擔心艦艇會俾德國嘅空襲擊沉，所以好少有皇家海軍艦艇會喺機會比較大嘅入侵路線附近駐紮,2,,
1385,1665,點解機構願意花時間經歷建立為學習型機構？將機構學習理念付諸實踐嘅目標之一就係創新,點解組織要通過建立學習組織嘅耗時過程？ 組織學習概念實踐嘅一個目標係創新,1,,
1367,1647,月球表面由岩石同塵埃組成。月球嘅外層被稱之為月殼,月球表面由岩石同塵埃成，月球嘅外層叫做皮質,1,,
1232,1415,義大利國家足球，同德國國家足球隊一齊係世界上第二個最成功嘅球隊,意大利國家隊同德國國家隊並列世界第二，亦曾經獲得 2006 年 FIFA 世界盃冠軍,2,,
327,329,喺佢同球隊一齊嘅時間，佢喺 468 場上打咗 403 球,期間，佢出場468次，攻入403球,2,,
186,188,8月9日晚間，摩拉科特嘅眼睛距离中國福建省約70公里,截至八月九號夜晚，莫拉克嘅風眼距離中國福建省大約七十公里,2,,
821,823,最好搵一間經常預訂同你嘅旅程類似嘅旅行社,請請一個經營者去幫你經常預訂類似你嘅旅行,1,,
939,941,當你熟悉咗網絡上嘅格式同編輯方法之後，你就可以建立自己嘅網站,當你開始喺網上編輯同編輯之後你就會開始建立你自己嘅網站,1,,
741,743,科克島島冇城市但由15個唔同島組成。其中主要係拉羅東加同愛圖塔基,雖然庫克群島冇任何城市，但係由15個唔同嘅島嶼組成。主要嘅島嶼有拉羅湯加同艾圖塔基,2,,
788,790,佢哋將佢哋嘅故鄉嘅故事傳達到唔同嘅口音同當地語法,佢哋用獨特嘅口音同當地嘅黑話講家鄉故事，互相分享,2,,
859,861,喺屋企，因為你一直暴露喺當地細菌之下你已經免疫佢哋,喺國內，由於經常接觸本地嘅細菌，你好大機會已經對佢哋免疫,2,,
1368,1648,月殼正面大約70公里厚，背面大約100公里厚,皮質嘅厚度係近面約 70 公里，對面係 100 公里,1,,
440,442,18世紀嘅最後幾年越南人也入侵柬埔寨,越南人亦都喺 18 世紀末入侵柬埔寨,2,,
1388,1668,喺一個機構革新之前，領導層一定要創造一種創新嘅文化，同埋分享知識、組織學習,喺組織可以創新之前，領導必須創造創新文化以及分享知識同組織學習,1,,
114,114,呢個係 eBay 史上最大嘅收購,呢次係 eBay 史上最大規模嘅收購,2,,
206,208,據報導，麥克白大街嘅一間公寓因氣體洩漏發生爆炸,據報，一個喺麥克貝思街上嘅公寓因氣體泄漏而爆炸,1,,
234,236,「佢會好似水咁樣運轉，就好似水一樣透明,佢會好似水咁行事佢就好似水咁透明,1,,
457,459,當嘗試將電影轉換為DVD格式時最常見嘅問題之一係過掃描,喺嘗試將電影轉成 DVD 格式嗰陣，其中最常見嘅問題就係過度掃描,2,,
93,93,噉同早前嘅報導互相矛盾，呢份報導話取消第二輪投票違反憲法,呢個同以前嘅報告相反,1,,
285,287,紐南威爾士州RSPCA 主監 David O'Shannessy 對ABC講監控同檢查屠宰場喺澳洲應該係常見嘅,新南威爾士州 RSPCA 首席督察大衛·奧沙納西向美國廣播公司表示，監督同檢查屠宰場喺澳洲應該要普及,2,,
1182,1365,老虎嘅咆哮聲同獅子嘅大聲吼叫唔同，相反，同齜牙低吼仲似,虎嘅叫唔似大聲嘅獅子叫而係好似叫嘅句子,1,,
1389,1669,Angel (2006) 解釋 Continuum 方法係一種方法，可以幫助組織達到更高嘅表現水平,安琪 (2006)解釋，連續法係一種用嚟幫助機構達到更高績效水平嘅方法,2,,
1206,1389,有時啲人會起一啲特殊嘅金字塔形狀嘅塔樓，稱之為神塔，成為神廟嘅一部分,有時特別嘅金字塔形狀塔，叫做ziggurats,1,,
466,468,佢咁大嘅玻璃窗同咁薄嘅牆，係冇辦法長期抵御持續嘅攻擊,佢嘅大玻璃窗同細牆都唔會耐受一場決定嘅攻擊,1,,
135,137,魚類經常因為水入面嘅毒素濃度太高而死亡,魚經常因為毒素濃度高而死亡,1,,
1130,1313,當佢喺醫院工作嘅時候 Liggins 開始喺空時間調查早產,佢喺醫院做嘢嗰陣，列金斯開始喺業餘時間研究早產問題,2,,
758,760,加入噉樣一個網絡通常只需要喺網上填寫一份表格；不過某啲網絡會提供或需要額外嘅驗證,加入呢個網絡通常只需要填寫網上表格,1,,
1372,1652,呢啲理論表明，人類有某啲需求同欲望，當佢哋長大成人之時就已經內化嘞,呢啲理論表明，人類有一定需要同/或欲望,1,,
563,565,嗰啲參加定期活動嘅人喺對病痛嘅負面感知方面需要多啲支持，先可以分辨到慢性病痛、不適感同正常身體運動嘅差別,參與經常活動嘅人需要更多嘅支持嚟睇下慢性疼痛同不舒服感同正常運動嘅差異,1,,
178,180,之後嘅證據顯示試卷曾經畀人篡改。霍爾連同其他34個教育官員喺2013年被起訴,2013 年，有證據表明， 霍爾同其他34 個教育官員曾經改咗考試文件,1,,
778,780,噉樣嘅解像度幾乎係35毫米負片嘅4倍（3136平方毫米對864平方毫米）,呢個數據顯示 35 mm 負 (3136 mm2 與 864) 解析度幾乎是四倍,1,,
65,65,抗議者希望喺11月份收到一條有120萬簽名嘅請願,抗議者希望收集120萬人簽名嘅請願書，喺11月提交畀國民議會,2,,
1247,1430,所以，呢個格式嘅相比 (將十二分為最簡單嘅整數比) 據說係 3:2,所以，呢種格式嘅長寬比 (除以十二得到最簡單嘅整數) 就係所謂嘅 3:2,2,,
1010,1012,美國體操支持一個獨立嘅調查能夠揭示拉里·納薩嘅幸存者勇敢咁描述嘅比例嘅濫用點樣長時間未被發現,美國體操協會支持獨立調查，呢項調查可能會揭露拉利·纳沙嘅倖存者幾咁勇敢講述有幾大比例嘅虐待長期都未畀人發現，協會亦歡迎任何必要和適當嘅改變,2,,
592,594,地球上遍佈動物。佢哋喺地下挖窿，喺海中遨遊，喺天空翱翔,動物喺地球上都有，佢哋挖埋地，游喺海洋，飛喺空中,1,,
704,706,馬丘比丘北端嘅雲端之處係呢座陡峭嘅山峰，經常係有關呢座遺跡嘅好多靚相嘅背景,塔塔喺馬丘比丘北端落嘅山頂,1,,
209,211,冇報告有嚴重傷害但爆炸發生時至少有五個人因震驚症而接受治療,雖然冇重大傷亡報告，但係爆炸現場至少有 5 個人因為受驚而接受治療,2,,
569,571,當個體表達某個特質嘅多種變化時佢哋係多元化,當個體表現出某一特定性狀嘅多個變體嘅時候，佢哋屬於多態,2,,
877,879,好多政府要求嚟入或者離開國家嘅旅客接种疫苗,好多國家政府要求入境旅客或離境國民接種針對一系列疾病疫苗,2,,
1220,1403,D-Day嘅降落同接落嚟嘅戰爭解放咗法國北部但南部仍然冇自由,諾曼第登陸戰同之後嘅戰役，解放咗法國北部，不過法國南部仲未解放,2,,
664,666,"有無限嘅變化可能發生但大部分人講""去迪士尼世界""嘅時候都係咁",雖然大家嘅遊玩方法唔同，但呢個係大多數人講緊「要去迪士尼世界」嗰時所表達嘅意思,2,,
451,453,互動設計需要一個項目嘅組件相互連接，但同時係有意義,互動設計要求項目嘅各個部件互相連接，但同時又可以成為一個單獨嘅實體,2,,
449,451,學習創建互動媒體需要傳統同傳統技能，以及掌握互動課程 (故事板，音頻同視頻編輯，故事說話等),學習創作互動媒體要有常規同傳統嘅技能，以及喺互動課堂入面掌握嘅工具（分鏡板、音訊同視訊編輯、故事敍述等）,2,,
191,193,舒麥加曾經贏得一級方程式錦標賽嘅冠軍七次，佢喺2006年退役，原定佢代替受傷嘅菲利普·馬沙出賽,舒馬赫喺 2006 年退休，贏得咗七次F1 冠軍， 接下來將受傷嘅菲利佩馬薩取代,1,,
1236,1419,因為日本擁有一群島嶼，所以從地理角度嚟睇，日本經常被稱為「群島」,"由於日本有幾大島，日本通常被稱為""群島""",1,,
435,437,相傳扎卜德龍·恩加旺·南蓋爾喺 1649 年建造咗呢個堡壘，嚟到紀念佢打敗西藏蒙古聯軍,據說 1649 年，Zhabdrung Ngawang Namgyel 建立咗呢個堡垒,1,,
228,230,據稱，呢個男人揸著部裝滿炸藥嘅三輪車撞向人群,佢據稱駕駛一輛裝爆炸物嘅三輪車撞到一個人群,1,,
541,543,格里德利或者斯塔克放咗一個木頭距大概30米嘅圍前然後命令人唔好開火,格里德利或斯塔克喺圍欄前面大約100英呎（30米）嘅地方放咗一個木樁，並下令喺正規軍經過之前唔可以開火,2,,
646,648,我哋永遠唔會修改車，喺我哋後院水，去秘魯去睇古老嘅遺跡，或者改造鄰居嘅房子,我哋永遠都唔會對部車大修，唔會喺後院起噴泉，亦唔會去秘魯遺跡考古，更唔會改造左鄰右里嘅屋,2,,
928,930,雖然你唔需要簽證去某些國家做旅遊者或者做生意但當你去國外留學時，你通常需要留住更長時間,雖然以遊客或者商務人士身份短期到訪某啲國家可能唔使辦簽證，不過以國際學生身份去嗰度通常需要比以普通遊客身份逗留更長嘅時間,2,,
1394,1674,呢個提供咗好多資料嚟建立模擬模型令我哋了解我哋嘅大腦過程,噉為我哋構建模擬模型提供咗大量資訊同材料，幫我哋了解大腦嘅運作過程,2,,
334,336,"最後，土耳其舞蹈團隊""亞拿多利亞火""演出""特洛伊""表演",最後，土耳其舞蹈團 Fire of Anatolia 表演咗「特洛伊」作結,2,,
1093,1276,被告姓名分別係 Baba Kanjar、Bhutha Kanjar、Rampro Kanjar、Gaza Kanjar 和 Vishnu Kanjar,被控人名為巴巴坎杰，布塔坎杰，拉普罗坎杰，加沙坎杰和维什努坎杰,1,,
1161,1344,氫離子係電子被剝離嘅質子（因為氫原子由一個質子同一個電子組成）,離子係被取消電子嘅陽子 (因為原子由一個陽子同一個電子組成),1,,
96,96,伊-76 自 1970 年代開始成為俄羅斯同蘇聯軍隊嘅重要部份,自上世紀 70 年代以嚟，伊爾-76 一直係俄羅斯同蘇聯軍隊嘅主力，上個月喺俄羅斯已經發生咗一宗嚴重事故,2,,
292,294,當船崩潰時， 魯諾有120~160立方米嘅燃料,「魯諾」號發生故障嗰陣，船上有120至160立方米嘅燃料，強風巨浪將佢推入防波堤,2,,
