traditional,jyutping,definition,sentence1,sentence1_source,sentence2,sentence2_source
啲,di1,some/few/a little,佢訂嗰啲餸有啲肥膩呀。,KaiFang,好靚生果。買啲啦，小姐。,Wiktionary
啲,di1,indefinite article before a noun,扣好啲紐，唔好咁咧氣。,KaiFang,好似幾靚喎，啲風景。,HKCanCor
啲,di1,converts base adjective to a comparative,聽日要早啲起身。,Wikitionary,鍾意狗大隻啲。,HKCanCor
𠺘,long2,"rinse, spread thin",記得𠺘乾淨個口。,Wikitionary,有時候就算冇熱水都要𠺘幾嘢。,KaiFang
𠺘,long2,"frame, shell, skeleton (of a structure or knowledge)",呢啲題目你唔使讀得太深入，大概知個𠺘就得㗎喇。,Words.HK,起樓要起個𠺘齣嚟就好快，但做埋內部裝修就要多好多時間。,Words.HK
㗎,gaa2/gaa3/gaa4,final particle indicating emphasis or surprise,噉你一日都係飲奶茶先返工㗎?,HKCanCor,咪以為係拖闆就插幾多嘢都得𠿪，會燒fuse㗎。,Words.HK
㗎,gaa2/gaa3/gaa4,sentence-final particle used in a question seeking information or confirmation,日本卡通來㗎？,HKCanCor,講廣東話㗎？,HKCanCor
櫼,cim1,thin strips of bamboo or wood,瘦仔好介意自己條竹櫼腳同小腿粗嘅女仔對比，佢會覺得女仔只腳似象腿,LIHKG,拎枝牙櫼嚟撩牙。,Words.HK
櫼,cim1,wedge,呢條罅要櫼實佢先至得。,KaiFang,榫頭鬆左就加個櫼。,Wikitionary
抰,joeng2,uncover,我依傢就抰曬你啲衰嘢齣嚟俾人睇！,Words.HK,唔通我哋啲嘢抰咗？,KaiFang
抰,joeng2,shake off,你唔抰開嚟點睇得真呢？,KaiFang,件衫好多塵，抰嚇佢乾淨啲。,KaiFang
㨢,lang3,"bunch, a quantifier",一纊㨢鎖匙。,Words.HK,乜你一抽二㨢噉呀？快啲入嚟坐。,Words.HK
㨢,lang3,"rip open flesh/ cut flesh/  join, link, connect",隻狗條頸㨢住條繩。,Wikitionary,聖誕節㨢住新年，總共有十日假。,Words.HK
㨢,lang3,"to bring along, to carry along",兩公婆㨢住個仔一齊返鄉下。,Wikitionary,一張票可以㨢兩個細蚊仔。,KaiFang
細佬,sai3 lou2,A term of address for boys whom one does not know well.,細佬初初入行，以後請各位多多關照。,KaiFang,細佬姓陳。,Words.HK
細佬,sai3 lou2,of sibling younger brother,我有個同學個細佬啊。,HKCanCor,細佬咁夜都未返屋企，唔怪之得阿媽心掛掛啦！,Words.HK
冚,kam2,"cover, lid / hide",你冚住張氈都凍呀？,HKCanCor,一個大浪冚埋嚟。,Words.HK
冚,ham6,all/whole/everyone,我自己儲，冚唪唥一路收返起曬。,HKCanCor,冚世界都走曬，你做咩仲喺度呀？,Words.HK
唔,m4,doesn't / not,佢噚晚唔夠瞓，搞到今日失曬魂。,Words.HK,今晚我唔喺屋企食飯。,Words.HK
唔,m4,expression of agreement or surprise,唔... 其實這個問題真的這麼多年都是沒有變過囉。,Youglish,唔...不如去嗰間餐廳吖！,Wikitionary
唔,m4,"used to form an A-not-A question, by reduplicating a word in a question",你可唔可以車我去地鐵站呀？,Wikitionary,齣麵凍唔凍？,Words.HK
西北風,sai1 bak1 fung1,northwest wind,西北風係由西北吹來嘅風。,Wikipedia,西北風有呢個威力都好勁啦。,LIHKG
西北風,sai1 bak1 fung1,means 'air / nothing' when used in the expression ' eat northwest wind',阿鬆佢唔識煮飯又冇嗮杯麵，今晚實係食西北風啦。,Words.HK,等到冇米落鑊，大人細路一齊飲西北風啦！,ZDic
油瓶,jau4 ping4,oil bottle,舊時茶樓食嘅燒賣，其實都都幾大隻，佢重有個花名叫做油瓶枳。,Source,採用重力設計嘅油瓶，傾斜時自動打開，唔會溢出，抬起時自動關閉。,Source
油瓶,jau4 peng2,step children,油瓶仔女係繼親嘅一種，書麵語叫繼子女，係兩公婆嘅後代，但係冇血緣關係，亦唔係通過領養拎返嚟。,Wikipedia,又唔係油瓶仔怕咩?,LIHKG
𦧲,loe1,"dribble, spit",張糖紙唔食得㗎，快啲𦧲返出嚟啦！,Words.HK,食魚要𦧲骨。,KaiFang
𦧲,loe2,to manipulate someone by behaving in a coquettish or childishly whining manner,細佬成日都𦧲我去同佢食雪糕。,Wikitionary,攞份錶都要俾黑錢，死𦧲難𦧲先𦧲入個交易場。,HKCanCor
繑,kiu5,entwine,我個耳筒繑埋咗一嚿。,Words.HK,嘩，你寫嗰啲代碼，好似麵噉繑埋一嚿嘅。,Wikipedia
繑,kiu5,cross one's arms or legs/ loop one's arm into the crook of someone's arm,最後大傢一齊繑手跳舞，再為逝去嘅日子再飲多杯。,Wikipedia,佢畀嗮啲嘢你做，你忙到踢嗮腳嗰陣佢仲可以繑埋雙手䟴䟴腳等你幫佢做埋，唔通噉樣真係對佢好咩？,Wikitionary
禁,kam1,durable,呢種電池好禁。,Words.HK,對鞋好禁著。,Words.HK
禁,gam3,to prohibit; to forbid; to ban,呢個國傢禁咗香口膠㗎。,Words.HK,乜而傢中學已經冇左髮禁？,LIHKG
禁,kam1,to bear; to endure,我唔禁激㗎。,Words.HK,身子好嘅人禁冷又禁熱。,KaiFang
禁,kam1,something that requires much time or money,十年咁耐，禁等咯。,KaiFang,貴利唔能夠藉㗎，利遝利，好禁還㗎。,KaiFang
岌,ngap6,shaky,嗰張凳𢳆𢳆岌噉，邊個敢坐？,KaiFang,風吹度門岌得好犀利。,Words.HK
岌,ngap6,nod,你問佢得唔得，佢實岌頭嘅。,Words.HK,你一岌頭，我就去馬。,Words.HK
㗎啦,gaa3 laa3,modal particle used as a reminder or when giving advice,唔好嬲啦，嗰啲人係噉㗎啦。,KaiFang,最好係各自寫平安紙，寫清楚啲就得㗎啦。,KaiFang
㗎啦,gaa3 laa4,modal particle  express a slight surprise  something or with a questioning tone,你哋咁快就做完㗎啦？,KaiFang,咁早就瞓覺㗎啦？,KaiFang
㗎啦,gaa3 laa1,modal particle used  assert a fact  imply that there are no alternatives,我哋窮人都係天生天養㗎啦。,KaiFang,睇死你係噉㗎啦！,KaiFang
摵,cik1,to pick up; to lift up,綁到鬆佊佊噉，一摵唔係散囉。,KaiFang,你仲趴喺地下度，我就摵你起身。,KaiFang
摵,mit1,to pinch; to nip; to tweak,你唔好摵佢塊麵啦！,Words.HK,好痛啊，你做乜摵我啊？,Words.HK
摵,mit1,to peel; to tear,佢好嬲噉摵爛封信。,Words.HK,好多人食包嗰陣都會先摵咗錶麵嗰層薄皮然後先再食入麵啲叉燒。,Wikipedia
冧,lam1,coax / sweet talk,亞明冧女仔好叻㗎。,Words.HK,慢慢冧嚇佢，就會應承。,KaiFang
冧,lam3,topple/ collapse/ kill someone,香港就嚟冧啦。,Words.HK,隔籬街冧樓呀！,Words.HK
冧,lam1,get drunk,佢真係好易醉，飲多兩杯啤酒就冧咗喇。,Wikitionary,佢哋夾埋隊冧咗個同事。,Words.HK
炮,paau3,lie,細路仔唔準車大炮㗎。,KaiFang,噉嘅大炮你都信？,KaiFang
炮,paau3,"empty and big/boasting, exaggerating/archaic form of cannon",唔好咁大炮咯。,KaiFang,我講嘅唔係大炮，真㗎。,KaiFang
落颱,lok6 toi4,to step down (from office); to fall from a position of prestige,即係而傢已經冇人有能力拉到佢落颱?,LIHKG,肯落颱唔係小事至少知道自己唔應該繼續害人。,LIHKG
落颱,lok6 toi4,to leave the stage,未講得幾句就畀人鬧咗落颱。,Shyyp,嗰名藝人落颱錶演，親近觀眾。,Words.HK
落颱,lok6 toi4,to get out of a predicament or an embarrassing situation,你當眾鬧佢，搞到佢好難落颱。,Words.HK,一定都有啲雙方好落颱嘅方法。,LIHKG
掹,mang1,pull,唔好掹住我個袋。,Words.HK,佢哋輸咗粒波就開始矛嘞，掹衫踢人乜都齣齊。,KaiFang
掹,mang1,pull out/pluck,你應該去睇牙醫，掹咗隻牙佢。,Tatoeba,連咁細條嘅亦都要掹埋。,KaiFang
𢺳,maan1,"hold , cling",𢺳住塊大石爬上去。,KaiFang,你𢺳住個扶手就唔驚啦。,KaiFang
𢺳,maan1,win back,下半場一定要將啲分𢺳翻。,KaiFang,最後又𢺳翻幾分？,KaiFang
𢺳,maan1,retract,依單嘢睇嚟都係冇得𢺳㗎嘞。,KaiFang,呢件事硬曬舦，冇法子𢺳囉。,KaiFang
新地,san1 dei6,a new found empty area,係新地入邊唔會再有戰爭或者衝突。,Reverso,雖然無新地，但將爛地變成人用得嘅地，都算係新填地嘅一種。,Wikipedia
新地,san1 dei2,sundae loanword,得杯新地，好似齋齋哋。,Words.HK,士多啤梨新地甜得嚟冇硃古力咁膩。,Words.HK
孭,me1,carry on the back or shoulders,我孭住個背囊好重呀，行快兩步啦！,Words.HK,咁大個人重要人孭呀?,HKCanCor
孭,me1,take on responsibility,呢個計劃我孭嘅。,Words.HK,咁大隻鑊揾邊個孭啊？,Words.HK
啹,goe4,to accept; to not protest; to not feel offended; usually with reference to a decision or action made by an adversary,我對眼就係法庭，你哋而傢啹唔啹先？,Words.HK,我傢姐上年年尾俾人無理炒魷，覺得好唔啹。,Words.HK
啹,goe4,feel better,頭先搬嘢又熱又攰，飲完杯嘢成個人啹曬！,Words.HK,爸爸锡咗佢兩啖，佢個心都啹曬啦。,KaiFang
啹,goe4,burp,我個胃好脹，又啹唔到啲胃氣齣嚟，榖住榖住好辛苦。,Words.HK,你啹氣嗰陣揞住個口啦，如果唔係好冇禮貌㗎。,Words.HK
𨂾,naam3,step across,𨂾過個水氹。,KaiFang,你喺醫院住咗咁耐，入屋企門口之前要𨂾過火盆先。,Words.HK
𨂾,naam3,alternate time,𨂾日見一次麵。,KaiFang,我通常𨂾一個禮拜去健身房一次。,CantoDict
當我,dong1 ngo5,when i,嗰陣當我無搵佢幾日之後，我地再傾返計。,LIHKG,當我開始覺得係咪有返機會時，又話都係朋友。,LIHKG
當我,dong3 ngo5,treat me as,你當我傻架?,Tatoeba,佢喺街度見到我都當我冇到。,Tatoeba
當我,dong3 ngo5,pretend that (never said it),就當我哋之前冇講過啦。,Tatoeba,對唔住呀，我知我之前講過嘅嘢，就當我冇講過啦。,Tatoeba
㷫,hing3,angry/furious/ferocious,一講到呢樣佢就㷫嘞。,KaiFang,幫咗佢仲畀佢鬧，係人都㷫啦！,KaiFang
㷫,hing3,excited/energized (while drunk),佢㷫起嚟一氣唱咗十幾隻歌。,KaiFang,佢一㷫起嚟就幾好嘅。,KaiFang
㷫,hing3,hot/scalding,你個額頭好㷫，係唔係發燒呀？,KaiFang,如果你摸落去重係㷫嘅話呢，即係其實你係未好返𡃉啝。,HKCanCor
㷫,hing3,bake or dry by fire,俾啲牛油同埋哩個蠟燭㷫住嘅。,HKCanCor,隻手冰凍，響火爐㷫下。,JyutNet
嘥,saai1,debase,唔應該嘥人哋。,KaiFang,畀人當麵嘥。,KaiFang
嘥,saai1,waste/wasteful,食埋個麪包，唔好嘥嘢呀。,Words.HK,嘥咗好多時間。,KaiFang
嘥,saai1,to miss; to lose (an opportunity),個名師講座你冇去聽真係嘥曬。,KaiFang,咁好嘅機會嘥咗。,KaiFang
揈,fang4,hit,一拳揈埋去。,Words.HK,你咁大力，畀你揈一拳得 嘅！,Shyyp
揈,fing6,swing,以後隻手唔好周圍揈啦。,KaiFang,佢揈下條竹嗰啲水。,KaiFang
揈,fing6,throw,我自己都唔知揈咗條鎖匙去邊。,Words.HK,細個玩氹氹轉嗰陣，試過揈咗齣嚟，跌親個下巴要連針。,Words.HK
嚫,can1,aspect marker of every time/whenever,打嚫畀佢都唔接電話。,Wikitionary,阿明次次飲嚫酒都會齣事。,Wikitionary
嚫,can1,aspect marker of injury,畀蚊咬嚫，痕到死。,KaiFang,我跌嚫，個膝頭哥損咗。,KaiFang
撠,gik1,stuck,上边撠住，你褪落啲就過到嘞。,KaiFang,嗰條棍撠實喺裏頭，拎唔齣。,KaiFang
撠,gik1,difficult; troublesome,呢個人都幾惡撠㗎。,KaiFang,你份人真係好撠啊，一啲都唔識變通嘅。,Words.HK
撠,gik1,to stumble; to trip over,你伸隻腳齣嚟想撠死人咩！,Wikitionary,佢撠咗嚇，就躀低咗。,KaiFang
睩,luk1,look/stare,你睩住我做乜嘢呀？,KaiFang,睩咗佢一眼。,KaiFang
睩,luk1,open wide,睩大隻眼睇清楚，上麵寫明唔可以退款。,Words.HK,對你有好感會成日眼睩睩咁望住。,LIHKG
一,jat1,"do a bit of something, an infix between the duplication of the first syllable of a verb, meaning the action occurs for a short amount of time, the syllable 一 jat1 may be reduced to a shorter sound or a floating tone that raises the pitch of the previous syllable",入房同我傾一傾吖。,Words.HK,請你等一等。,Words.HK
一,jat1,"a diminutive infix between the duplication of a monosyllabic gradable adjective, meaning ""really""",化到個妝靚一靚,Words.HK,質到個書包重一重,Words.HK
上,soeng5,to board; to get on a vehicle,弊，上錯車添！,Words.HK,你睇清楚有啲咩唔帶得上飛機喎。,Words.HK
上,soeng5,to go ahead; to forge ahead,快啲上，射籃喇！,Words.HK,兄弟，我哋一齊上！,Words.HK
中間,zung1 gaan1,between; in between,喺兩堂中間，有一個五分鐘嘅小息。,Words.HK,佢坐喺爸爸同哥哥中間。,Words.HK
中間,zung1 gaan1,centre; middle,啲牙籤喺張枱中間。,Words.HK,個mon中間裂咗。,Words.HK
了,liu5,"then; usually used with pre-verbal #就 zau6, to indicate the consequence under certain conditions; equivalent to Cantonese #喇 (laa3) or #嘞 (laak3)",落雨我就不出門口了。,Words.HK,早啲來就可以見着他了。,Words.HK
了,liu5,used in urge or persuasion; equivalent to Cantonese #喇 (laa3) or #啦 (laa1),不要再打了！,Words.HK,好了！不要再説了！,Words.HK
了,liu5,"used after the verb or adjective in the first clause of a conditional sentence (e.g. the if-, after-, or once-clause)",我下了班就去你那兒。,Words.HK,他知道了肯定會很高興。,Words.HK
位,wai2,seat; place to sit,我行咗成日都冇位坐，好攰。,Words.HK,入面仲有兩個位。,Words.HK
位,wai2,place; spot; position; geographic part,呢個位背光喎。,Words.HK,你企站裏面邊個位啊？,Words.HK
位,wai2,part of a thing or matter; point in a continuum,張相排錯位喎，搬去頭嗰段嘅右邊啦。,Words.HK,套片後半段勁多笑位啊。,Words.HK
來,lai4,to arrive; to come,細佬半夜先返來屋企。,Words.HK,你幾點來啊？,Words.HK
來,lai4,to bring something,來啦！我唔驚你。,Words.HK,來多兩籠燒賣！,Words.HK
係,hai6,"""is"", ""is equal to"", ""means"", indicating the subject and object are the same thing",二加二係四。,Words.HK,1微米係1000000分之1米。,Words.HK
係,hai6,to be; used as a grammatical construct to describe the subject,阿力係叻仔，我對佢有信心。,Words.HK,愛因斯坦係二十世紀嘅著名物理學家。,Words.HK
係,hai6,used to state that the subject falls within a category or set,我係香港人。,Words.HK,西瓜係夏天食嘅生果。,Words.HK
係,hai6,"added in front of the main verb in the subordinate clause, in order to set up a contrasting (i.e. ""but"") main clause",我係識做，不過我唔會幫手㗎。,Words.HK,佢係靚女，不過性格麻麻囉。,Words.HK
做,zou6,to do; to act; to perform,你做緊乜啊？,Words.HK,我哋應該點做？,Words.HK
做,zou6,to be; to become,佢做咗有錢人老婆。,Words.HK,今次輪到我做莊。,Words.HK
做,zou6,to work in a particular profession,你大個咗想做咩？,Words.HK,做護士好辛苦㗎。,Words.HK
先,sin1,first; earlier; before,佢先過你嚟到。,Words.HK,我哋出發先喇，陣間嗰度見啦！,Words.HK
先,sin1,temporarily; tentatively; for the time being; for now,咪住先，呢度有啲問題。,Words.HK,傾住咁多先，聽日繼續。,Words.HK
先,sin1,(usually preceded by an expression of time) not until,乜你咁遲先嚟㗎？,Words.HK,佢九點先嚟，晏唔晏啲啊？,Words.HK
先,sin1,(usually preceded by an expression of reason or condition) not unless; not until; then and only then; for no other reason,佢要食三碗飯先飽。,Words.HK,佢話得先得。,Words.HK
先,sin1,only,而家先五點，好早啫！,Words.HK,廣東話先有得咁講，英文冇囉。,Words.HK
先,sin1,actually; really; in fact; used in an assertive tone for emphasizing a fact that contradicts a prior claim,你以為佢咁蠢咩？佢先唔蠢啊！,Words.HK,你估我好想理嘎？我先唔想理啊！,Words.HK
先,sin1,used to express a desire for complementary information or approval,你心入面想揀咩先？而家拖拖拉拉算點先？,Words.HK,你話係咪先？,Words.HK
先,sin1,to indicate the imperative mood that the speaker oneself or others could realize an action earlier than other ones; often used with #等 dang2 or #要 jiu3,等我食個下午茶先。,Words.HK,你要等我唞下先。,Words.HK
兜,dau1,"to turn around a bad situation; especially, to make amends for a wrong or impolite remark",頭先講錯嘢，好彩兜得返啫。,Words.HK,佢同另一個女仔嘅情慾短訊俾女朋友發現咗，今次真係冇得兜喇。,Words.HK
兜,dau1,to direct towards,兜心口打佢一拳,Words.HK,你傻嘎？兜頭拍落嚟！痛㗎。,Words.HK
兜,dau1,ten dollars or years old,我就嚟七兜喇。,Words.HK,呢個一人份量嘅煮食煲都只係七兜嘢。,Words.HK
入,jap6,to be admitted into; to become a member of,我入咗十大呀！,Words.HK,你個仔入唔入到第一志願學校呀？,Words.HK
入,jap6,to buy; to stock up on,我入咗十手匯豐。,Words.HK,我入咗十箱即食麪，就算封城一個月都唔怕餓親。,Words.HK
冇,mou5,do not; have not done (at a temporal point); used before verbs or adjectives,佢冇食晚飯。,Words.HK,我冇再發燒喇。,Words.HK
冇,mou5,to not have; to not own; to not possess,佢冇晒錢嘞。,Words.HK,做人咩煩惱都冇就好喇。,Words.HK
分,fan1,to distinguish,糯米同白米你都唔識分？,Words.HK,水其實都有軟硬之分。,Words.HK
分,fan1,minute (often denoting the time instead of duration),我哋要分秒必爭。,Words.HK,而家嘅時間係下午兩點三十五分。,Words.HK
包,baau1,to pack up; to wrap up; to surround; to enclose,攞條毛巾包住隻腳,Words.HK,我哋包緊餃子，今晚有得食。,Words.HK
包,baau1,to guarantee; to assure,呢個女仔，我包你鍾意。,Words.HK,今日包佢落雨。,Words.HK
包,baau1,to include; to contain; to come with something,呢個套餐包一杯熱飲。,Words.HK,租金一萬，包水電煤,Words.HK
印,Jan3,to mark; to trace; to engrave,佢個笑容深深咁印喺我腦海入面。,Words.HK,佢琴日倒瀉咗杯奶茶，印到我件衫周圍都係漬。,Words.HK
印,Jan3,to print,印我個名喺件T後面。,Words.HK,我印咗份表格出嚟俾你。,Words.HK
去,heoi3,to go to; to depart for,你去咗邊呀？,Words.HK,由呢度去機場要一個鐘。,Words.HK
去,heoi3,"in order to (do something); used between two verbal expressions, and/or after the second expression",佢攞咗啲錢去買嘢。,Words.HK,你攞我本passport去做咩呀？,Words.HK
去,heoi3,an euphemism for dying; to be gone; to pass away,老黃上個月去咗喇。,Words.HK,佢阿爸去得好安祥。,Words.HK
去,heoi3,"move quickly, smoothly and efficiently",你噉游水唔去㗎。,Words.HK,架車咁樣就會去㗎喇。,Words.HK
咁,gam2,this; in this manner; in this way,點解會係咁嘅？,Words.HK,你咁講就唔公平喇。,Words.HK
咁,gam2,used with a phrase to describe an action,佢放慢晒動作咁做。,Words.HK,我靜靜雞咁鼠走咗。,Words.HK
咁,gam2,seems (added after the predicate),好似會好多人咁。,Words.HK,幾得意咁喎。,Words.HK
咩,me1,"used to form yes-no questions and to indicate doubt, challenge or surprise; uttered in a short and abrupt manner",你良心過意得去咩？,Words.HK,你唔驚佢嬲咩？,Words.HK
咩,me1,used in rhetorical questions to express negation; uttered with a high-falling tone and could be prolonged,我呃你有獎咩？,Words.HK,同你有親咩！黐到咁埋！,Words.HK
咩,me1,"interrogative pronoun: what, who, when, etc.; contraction of #乜嘢 mat1 je5",企喺佢隔籬嗰個係咩人嚟㗎？,Words.HK,你睇唔睇到佢拎緊咩呀？,Words.HK
咩,me1,"used to replace a syllable, a word or a number which the speaker has forgotten or chooses to omit",大陸唔係叫佢做碧咸㗎，叫貝克咩咩咁㗎！,Words.HK,你話四咩八二話？,Words.HK
咩,me1,"universal quantifier: ""every""",呢間舖咁細，咩都冇得買嘅。,Words.HK,咩人都可以參加呢個活動㗎。,Words.HK
啊,aa3,"used at the end of a response to signal that the utterance reflects the speaker's knowledge, view or feeling (this can be seen as the default particle if no other intonation or final particle is more appropriate)",我買咗部相機啊。,Words.HK,唔係啊，你搭錯車喇。,Words.HK
啊,aa3,used at the end of the utterance for plain questions,條裙靚唔靚啊？,Words.HK,你係咪唔舒服啊？,Words.HK
啊,aa3,"used as an enumeration marker, added to the end of each item",咖啡啊，奶茶啊，檸茶啊，一般嘅飲品我哋都有。,Words.HK,我哋都係行街啊，食飯啊，睇戲啊噉囉。,Words.HK
啊,aa3,used to express annoyance when pronounced in an elongated way,你啊，同我做晒啲嘢啊～,Words.HK,仲有啊，唔好再跟住我啊。,Words.HK
嘅,ge3,used to express confidence or assert a fact,我知道你一定會幫我嘅。,Words.HK,唔使用劍嘅，用黑旋風（牌子）就得啦。,Words.HK
嘅,ge3,"used with two noun phrases to indicate possession; denotes that the latter belongs to, or is a part of, the former; similar to English "" 's """,嗰本係我嘅書。,Words.HK,商場嘅廁所喺一樓。,Words.HK
嘅,ge3,"inserted between the modifying clause/phrase and the noun; often translated as ""that"" or ""which"" in English",佢係呢度最靚嘅女仔。,Words.HK,今日嚟唔到開會嘅成員，記得要睇返會議記錄呀！,Words.HK
埋,maai4,to hide,喂，阿Sir啤緊你呀。醒水少少，快啲收埋本漫畫啦。,Words.HK,唔好收收埋埋喇，一定又識咗女仔啦。,Words.HK
埋,maai4,to shut; to close; to join; to stitch two parts together,我要瞓喇，順手同我閂埋道門。,Words.HK,唔准講嘢，合埋把口。,Words.HK
埋,maai4,to come close; to approach; to shorten the distance between,唔好埋嚟，你成身都係汗。,Words.HK,你咪再行埋嚟呀，我叫㗎！,Words.HK
埋,maai4,to add up,佢話要男女平等，餐餐食飯張單咪又係我埋。,Words.HK,埋好條數咪知賺幾多囉。,Words.HK
埋,maai4,used after a verb to express a sense of inclusion and addition,你買餸嗰陣，記得順手幫我去郵局交埋水電單。,Words.HK,我同埋你一齊去釣魚。,Words.HK
埋,maai4,to express continuation until the completion of an ongoing action,我打埋呢鋪機就出來食飯。,Words.HK,我講埋呢句，之後先到你。,Words.HK
埋,maai4,to indicate disapproval,佢成日做埋啲噉嘅嘢，遲早有報應㗎！,Words.HK,佢成日群埋啲賭徒，最後輸晒啲錢。,Words.HK
外面,ngoi6 min6,outside; exterior,出去外面玩啦，唔好阻住我做嘢！,Words.HK,外面啲人好嘈呀！,Words.HK
外面,ngoi6 min6,figuratively: the outside world; away from home,年輕人應該去外面擴闊視野。,Words.HK,一個人喺外面讀書好孤獨。,Words.HK
夠,gau3,as well; too (sometimes used before contrast),佢怨我？我夠怨佢咯！,Words.HK,我夠想開開心心過日子啦，冇得揀吖嘛。,Words.HK
夠,gau3,enough; sufficient; as much as necessary or qualified,我夠錢買新電話喇。,Words.HK,我就係鍾意佢夠特別。,Words.HK
大,daai6,to grow up,我以前同佢係鄰居，睇住佢大㗎！,Words.HK,以前幾乎每家每户都買「生命麪包」，我都係食佢大㗎。,Words.HK
大,daai6,old in age; older; senior,佢大我十年。,Words.HK,佢婆婆年紀好大，今年九十六歲。,Words.HK
大,daai6,"greater in intensity, eg more heavy, high, loud, strong etc.",你可唔可以開大啲部冷氣啊？,Words.HK,佢把聲太大喇。,Words.HK
好,hou2,good; fine,你肯噉做就最好！,Words.HK,我啱啱收到好消息。,Words.HK
好,hou2,to get well; to recover from illness,希望你快啲好返啦。,Words.HK,我病咗幾日，啲咳仲未好。,Words.HK
好,hou2,"placed before a verb to indicate that an action is easy, convenient, suitable or pleasant under certain circumstances; easy to; good for; suitable for; pleasant to",條友勁好呃，人哋講乜佢都信。,Words.HK,張新梳化幾好坐喎！,Words.HK
好,hou2,placed after a verb to indicate the proper completion of an action,記得摺好枱面啲衫啊。,Words.HK,你諗好食咩未呀？,Words.HK
好,hou2,"(exclamative or emphatic) what; such; quite; similar to ""相當"", used before ""the numeral #一 + classifier + noun (phrase)""",我哋好一段日子冇見喇。,Words.HK,佢潛咗好一排水。,Words.HK
對,deoi3,to; as for; with regard to; in connection with,一千萬對佢嚟講只不過係一個細數目。,Words.HK,我對呢個問題有啲保留。,Words.HK
對,deoi3,to; used to bring out to whom an action is done,對管理層表達不滿,Words.HK,佢對我笑呀！,Words.HK
就,zau6,almost; soon,餐飯就食得喇。,Words.HK,就搞掂喇，俾多少少時間我啦。,Words.HK
就,zau6,precisely; exactly,呢個人就係佢男朋友喇！,Words.HK,隻錶咪就係佢送俾我㗎囉。,Words.HK
就,zau6,"used to indicate determination, confrontation or antagonism",我就唔信我學唔識。,Words.HK,就揀呢隻色啦。,Words.HK
屌,diu2,to express unpleasant surprise,又做乜撚嘢呀，屌！,Words.HK,嘩屌，今日恒指跌咗 8% 呀！,Words.HK
屌,diu2,to admonish; to scold; to reprimand,今次實俾老闆屌鑊甘。,Words.HK,唔好屌佢啦。,Words.HK
差,caa1,"to differ, in terms of qualities or quantities",你同我嘅智商差太遠喇！,Words.HK,大家成績好接近，最低同最高都係差幾分啫。,Words.HK
差,caa1,to lack; to miss out; to fall short of a certain standard,我差一分先至合格呀！,Words.HK,呢個候選人差咗啲經驗。,Words.HK
幾,gei2,"an interrogative pronoun for the time, duration of a period of time, or extent of an adjective or adverb",BB幾大呀？,Words.HK,佢幾大力打落嚟呀？,Words.HK
幾,gei2,"how many; how much; an interrogative pronoun; it can only be followed by a single-character noun or measure word, but it can be preceded by the ordinal prefixes #第 dai6 and #初 co1; this is unlike its longer counterpart #幾多 gei2 do1, which can represent a group of atomic and base numbers in a numeric sequence, and which cannot be preceded by the aforementioned ordinal prefixes",一九幾年？（對比「一九幾多年？」）,Words.HK,幾點出門好？,Words.HK
廢,fai3,useless; worthless; good-for-nothing,呢個講座真係好廢，去唔去都罷啦。,Words.HK,呢部電腦廢到核爆，用兩用就壞。,Words.HK
廢,fai3,unsatisfactory; poor; bad at doing something; to suck,我讀書好廢㗎，你教下我啦！,Words.HK,乜你咁廢㗎，咁簡單都唔識。,Words.HK
廢,fai3,to abolish; to get rid of,應該廢咗聯儲局佢。,Words.HK,與其傾電車存廢問題，不如廢咗條高鐵先啦。,Words.HK
得,dak1,"used after a verb to mean ""it is okay"" or ""it is alright"" to do something",我唔飲得酒。,Words.HK,俾我抖下得唔得呀。,Words.HK
得,dak1,a structural particle used to join a verb with various kinds of complements showing degree or result of an action,佢跑得好快。,Words.HK,啲貨去得好快。,Words.HK
得,dak1,to have even done; to have gone so far as to (only used in subordinate clauses to emphasise the importance of an action),應承得，就唔可以反口。,Words.HK,報得名嘅人，我都預咗嚟㗎喇。,Words.HK
得,dak1,"used to express ability, possibility of or permitted to doing something; can; able to",得！我即刻嚟。,Words.HK,信我啦，你得嘅。,Words.HK
得,dak1,to only have,呢度得返五個人。,Words.HK,我而家得十蚊喺身，唔夠俾錢喎。,Words.HK
抵,dai2,(of things) cheap; valued below its worth; inexpensive; undervalued,呢間舖頭賣嘅嘢好抵。,Words.HK,廿蚊一串魚蛋，抵到爛啦。,Words.HK
抵,dai2,"deserving, 抵你+verb can be used to mean 'you deserve to be' + verb; worthwhile",你做嘢咁勤力，抵你升職嘅。,Words.HK,佢時時遲到，真係抵鬧。,Words.HK
接,zip3,to catch; to take hold of,子明打羽毛球成日接唔住個波。,Words.HK,子明，接好啲啦。,Words.HK
接,zip3,to pick somebody up,我今晚接你放工。,Words.HK,我而家去接我個仔放學。,Words.HK
撇,pit3,to forsake; to abandon; often extended to mean dumping of somebody in a relationship,出面咁大風，你點可以撇低佢自己一個返屋企㗎？,Words.HK,我撇咗佢喇！,Words.HK
撇,pit3,to leave; to depart hassle-free,我一攪掂就撇。,Words.HK,有警察嚟啊，撇啦！,Words.HK
撚,lan2,intensifier following verbs which are usually monosyllabic and transitive; should be placed closer to the verb than suffixes,做撚完先講？,Words.HK,食撚屎啦你！,Words.HK
撚,lan2,"infix between adverbs, including #咁 gam3, #好 hou2, #幾 gei2, #勁 ging6 or #最 zeoi3, and adjectives to denote a strong degree",呢條女幾撚正喎。,Words.HK,咁撚仆街都有嘅！,Words.HK
撚,lan2,"infix used to strengthen the negative connotation after the first syllable of certain non-positive adjectives, adverbs, pronouns, or predicate-object compound verbs (In the senses above, the affix precedes its equivalents #柒 cat6, #鳩 gau1 and #閪 hai1.)",邊撚個搞到亂晒？,Words.HK,個政府都荒撚謬嘅！,Words.HK
整,zing2,to make; to create,我整咗個蛋糕送俾女朋友。,Words.HK,我整咗個PowerPoint喇。,Words.HK
整,zing2,to exert a force to cause an outcome or a change,按摩師整到我膊頭鬆晒，好舒服。,Words.HK,阿輝唔小心整跌阿欣最鍾意嗰隻杯。,Words.HK
整,zing2,to provide something,小心佢整件杰嘅俾你嘆。,Words.HK,伙記，整兩籠燒賣過嚟吖。,Words.HK
方便,fong1 bin6,to make something easy or convenient; to be helpful,我擺部釘書機喺枱面方便你哋用。,Words.HK,人哋需要幫手咪方便吓人囉。,Words.HK
方便,fong1 bin6,be able to; can,借錢？我而家手頭唔方便。,Words.HK,你方唔方便幫我拎支筆？,Words.HK
晒,saai3,to show off; to flaunt,你哋日日都貼啲拍拖相上網，仲唔係晒幸福？,Words.HK,啲闊太去親呢啲場合，都係鬥晒名牌衫同名牌袋咋嘛。,Words.HK
晒,saai3,entirely; completely; all,做晒嘢未呀？,Words.HK,佢哋去晒旅行，冇人喺屋企。,Words.HK
晒,saai3,to a large or even full extent,嘩！多謝晒！,Words.HK,呢幾日辛苦晒大家！,Words.HK
有,jau5,to have; used to indicate a social or interpersonal relationship or affiliation,我有兩個仔。,Words.HK,佢有好多朋友㗎。,Words.HK
有,jau5,to have; to own,我屋企有三架車，兩層樓。,Words.HK,我呢度有啲朱古力，你食住頂下肚先啦。,Words.HK
有,jau5,to exist; can be found,火星上可能有生命。,Words.HK,地鐵站有洗手間。,Words.HK
有,jau5,added in front of another verb to emphasise that the said action has been done,我有做功課㗎！,Words.HK,我有打過俾你㗎。,Words.HK
望,mong6,to look; to gaze,你望下嗰個女仔，幾靚噉喎。,Words.HK,你望咁耐㗎？望到入晒神呀？,Words.HK
望,mong6,to hope; to expect,而家望就望佢冇事啦。,Words.HK,望就噉望啦。,Words.HK
格,gaak3,to count boxes,第二行第三格,Words.HK,隻棋擺喺邊格好呢？,Words.HK
格,gaak3,used for space or entities with rectangular boundary,廁所得返最入面嗰格冇人用。,Words.HK,藥水半格等如幾多毫升？,Words.HK
格,gaak3,"stronger variant of #㗎 gaa3 to show full certainty, support or confidence and also to express a connotation that something is undoubtedly as it should be, after negating the presupposition of the other; often used together with #梗 gang2, #實 sat6 and #一定 jat1ding6",你實幫住佢格。,Words.HK,人終須一死，梗格。,Words.HK
格,gaak3,"used to repeat the speaker's understanding, and so as to bring out any question, doubt or contrast, when the speaker finds something unusual; often used together with #明明 ming4ming4, #應該 jing1goi1 and #照計 ziu3gai3",明明唔係噉樣格！,Words.HK,我記得噉行去到格，搞咩呢？,Words.HK
格,gaak3,used in some negation forms to mean that something is no big deal or does not matter,冇格，咪用盡所有辦法照做囉。,Words.HK,佢大你喳嘛，冇乜嘢格。,Words.HK
條,tiu4,measure word for longer things that are composed of an arrangement of smaller items,基本法廿三條,Words.HK,我連條題目都睇唔明。,Words.HK
條,tiu4,measure word for certain nouns involving lifespans or humans,十八年後又係一條好漢。,Words.HK,條女好正呀。,Words.HK
極,gik6,"added after the main verb, no matter how much; no matter how many times; usually followed by 都 dou1 and a negation",啲飯多到我食極都食唔曬。,Words.HK,你咁蠢㗎，學極都唔識。,Words.HK
極,gik6,"at most; added after a verb and followed by the limitation of the previous description, to express a sense of ""really not that much""",功課多極至多咪三份？,Words.HK,你叻極都有限啦。,Words.HK
死,sei2,very; extremely,個老師超無聊，就嚟悶死。,Words.HK,今日有得去玩，開心死！,Words.HK
死,sei2,fixed; rigid; inflexible,道門鎖死咗。,Words.HK,個渠塞死晒。,Words.HK
死,sei2,(of rules or terms) rigid; inflexible; stiff; (of a work routine) conventional and stuck in the same old rut; same old same old,張約寫得好死，唔做唔得。,Words.HK,呢份工好死嘅啫，日日都係倒模咁倒就得。,Words.HK
段,dyun6,measure word for words,第五課嘅第一段,Words.HK,佢啱啱講咗一大段廢話，我根本就冇留心聽。,Words.HK
段,dyun6,"measure word for relationships, especially romantic relationships",估唔到呢段感情就噉冇咗。,Words.HK,我會好好珍惜呢段關係。,Words.HK
水,seoi2,classifier for trips/journeys or batches of goods,啲走水貨嘅一日走幾水先夠皮。,Words.HK,一水船去珠海要幾耐？,Words.HK
水,seoi2,classifier for job shifts or rotations,你點都要喺呢個部門留一水㗎喇。,Words.HK,我上水喺內科、今水嚟外科、下水去骨科。,Words.HK
浸,zam3,to soak; to immerse,啲豆要浸過夜先煮。,Words.HK,「你識唔識游水㗎？」「識識哋啦，跌落海浸唔死噉囉。」,Words.HK
浸,zam3,to immerse oneself in a particular environment to gain knowledge or experience,語言呢家嘢係要浸出嚟㗎。,Words.HK,唓，你喺外國浸完返嚟，啲英文咪又係咁廢。,Words.HK
添,tim1,"sentence final particle, usually used with #仲 zung6, to imply an additive meaning as in ""also"", ""still"", ""as well"", ""too"" or ""and""",佢唔止高，仲好瘦添。,Words.HK,佢唔止做嘢慢，仲好唔小心添。,Words.HK
添,tim1,used when the speaker has just become aware of his/her minor mistake,吖！唔記得咗拎手提添！,Words.HK,哎吔！遲咗添！,Words.HK
照,ziu3,to follow; to accord to; with reference to; to abide by,你照住個指示做啦。,Words.HK,我照足程序去做，有咩事唔好賴落我度。,Words.HK
照,ziu3,to look after; to take care of; to keep an eye on; to protect,唔使擔心，我會照住佢㗎㗎。,Words.HK,佢表現好，入職冇耐就有阿頭照。,Words.HK
生,saang1,raw; uncooked,啲豬肉生嘅，食咗會生蟲㗎。,Words.HK,仲係好生喎，煮多陣添啦。,Words.HK
生,saang1,to give birth to; to bear,生咗喇，係女嚟。,Words.HK,個肚好痛，我諗就生得喇。,Words.HK
等,dang2,after a condition is met; usually followed by a statement about subsequent actions or predictions,等佢嚟到嗰陣時，我哋傾一傾呢件事。,Words.HK,等你做完功課之後，我哋出去玩下。,Words.HK
等,dang2,"a structure used to express that something was mistaken, misunderstood, or turned out to be wasted effort; used with the adverb #仲 zung6",原來你食咗嘢嗱，等我仲幫你買咗早餐添。,Words.HK,我以為今晚食自助餐，等我仲專登唔食嘢添！,Words.HK
組織,zou2 zik1,organisation; organised system,三合會係一個黑社會組織。,Words.HK,呢個慈善組織致力於幫助弱勢社群。,Words.HK
組織,zou2 zik1,to organise a group of people so as to achieve some end,一班義工組織咗個長者探訪團。,Words.HK,佢負責組織呢次聖誕義賣會。,Words.HK
組織,zou2 zik1,to arrange something in a more orderly fashion; to organise,考生有幾分鐘時間組織發言內容。,Words.HK,你組織下思路先好講嘢。,Words.HK
緊,gan2,"placed after a verb to describe an ongoing action, often equivalent to the continuous tense in English; sometimes used with #喺度 hai2 dou6 for emphasis",你而家做緊咩呀？,Words.HK,我拍緊拖呀，唔好阻住晒啦！,Words.HK
緊,gan2,placed after a verb to describe a stable state that is unlikely to change in the near future; usually translated into the simple present tense in English,我喺小學教緊中文。,Words.HK,我返緊份好忙嘅工，冇乜機會見朋友。,Words.HK
緊,gan2,tight; not relaxed,你要跟緊啲先得！,Words.HK,小朋友要空間㗎，唔好迫得太緊呀。,Words.HK
緊,gan2,"used after a verb or an adjective, often monosyllabic, to signify incompleteness of the process regarding the object; when placed after an adjective, it precedes the suffix #啲 di1 (""a bit"") which forms comparatives; when the object is a noun phrase, it must be modified with a classifier",幫我食緊啲飯吖。,Words.HK,趁住有啲錢，快啲還緊啲利息。,Words.HK
緊,gan2,"to fall behind or to fail to meet the expectation, though there is already a certain amount or extent",齊人未？好似爭緊個喎。,Words.HK,隻蕉唔見緊橛嘅？你食咗呀？,Words.HK
翻,faan1,placed after a verb to describe the resumption of an interrupted action,做翻你應該做嘅嘢。,Words.HK,你着翻件衫先啦。,Words.HK
翻,faan1,placed after a verb or adjective to show that something is getting better or reverting to its original state,我身體好翻好多喇。,Words.HK,啲人走晒之後，呢度終於靜翻。,Words.HK
翻,faan1,placed after a verb to show that an action is for the speaker's own good or for the sake of someone else,食翻餐好嘅！,Words.HK,介紹翻隻產品俾你。,Words.HK
肯定,hang2 ding6,definite; firm; determined,作出更肯定嘅承諾,Words.HK,俾一個肯定嘅答覆我。,Words.HK
肯定,hang2 ding6,to be sure,我肯定佢冇見到我。,Words.HK,我唔肯定㗎。,Words.HK
至,zi3,the most,我至憎人食煙！,Words.HK,我至叻就係煮飯㗎嘞。,Words.HK
至,zi3,not until; used to describe an action or event that will take place only at a certain point of time and not earlier,我聽日至嚟。,Words.HK,聽日至要交，唔使急。,Words.HK
至,zi3,"in order to; inserted before the verb in the second clause of a two-clause sentence, to express that the result (as stated in the second clause) can be achieved only if the condition in the first clause is met",你勤力啲至攞到好成績㗎。,Words.HK,你要點至開心？,Words.HK
落,lok6,to fall; to drop,而家落緊雨。,Words.HK,佢跌咗落地下。,Words.HK
落,lok6,to go down,我想落街行下。,Words.HK,我落一落地牢。,Words.HK
行,hong2,perfunctory; without trying seriously; without putting in much effort,呢個設計好行囉，改改佢得唔得。,Words.HK,答得咁行嘅？,Words.HK
行,hong2,(of a good) licensed for import (as opposed to parallel imports),呢部手機係行定水？,Words.HK,有行版有水版，水就平三嚿。,Words.HK
補,bou2,to fill; to supply; to make up for,你要喺呢個星期之內補返啲文件俾我哋。,Words.HK,個空缺已經有人補上。,Words.HK
補,bou2,to tutor,我幫緊一個學生補數學同英文。,Words.HK,我喺補習社補中文。,Words.HK
識,sik1,to get to know someone,我識咗好多朋友。,Words.HK,得閒食下飯，去識下人都好。,Words.HK
識,sik1,to know how to do something,你識唔識講廣東話呀？,Words.HK,佢唔識用電腦㗎。,Words.HK
起,hei2,to build; to set up,起新team,Words.HK,佢哋起緊新樓。,Words.HK
起,hei2,verbal suffix indicating upwards motion; up,佢攞起個手袋就走嘞。,Words.HK,我拎唔起呢個箱。,Words.HK
起,hei2,(preceded by #得 dak1 or #唔 m4) up to a certain standard,我買唔起呢個手袋。,Words.HK,佢睇唔起我。,Words.HK
車,ce1,to give a ride,我順路車你去大埔吖。,Words.HK,真係可以車埋我？,Words.HK
車,ce1,to sew (with a sewing machine),你識唔識得車衫㗎？,Words.HK,車返好件衫先。,Words.HK
車,ce1,to hit; to crash,一拳車埋佢塊面度。,Words.HK,嗰架 Benz 失控衝上行人路，車到途人。,Words.HK
通,tung1,open; through; connected,條路通咗嘍！,Words.HK,佢個電話打唔通。,Words.HK
通,tung1,logical; coherent; reasonable,呢句句子唔通喎。,Words.HK,你噉講唔通喎。,Words.HK
通,tung1,entire; whole,我俾雨淋到通身濕晒。,Words.HK,佢啲衰嘢通行都知㗎啦。,Words.HK
連,lin4,one after another; in succession,連打三場波，要唞唞。,Words.HK,今次有一連五晚嘅活動。,Words.HK
連,lin4,even; indicates that someone or something is no exception; usually precedes #都 dou1,佢設計出一個連老人家都鍾意嘅遊戲。,Words.HK,連你都噉對我，真係好失望。,Words.HK
過,gwo3,"added after a verb to describe an event or action that has happened, or a past experience",我琴日去過間學校。,Words.HK,你去過美國未啊？,Words.HK
過,gwo3,over again; anew,阿慈決定咗疊埋心水揾過份工。,Words.HK,不如我哋由頭嚟過。,Words.HK
過,gwo3,to spend time (followed by a special occasion),今年你喺邊度過聖誕呀？,Words.HK,你週末打算點過呢？,Words.HK
過,gwo3,to surpass; to pass a place,估唔到架車夠膽過架小巴頭。,Words.HK,過咗呢度，行多幾分鐘就到。,Words.HK
邊,bin1,"""which"" or ""what""; added in front of the classifier (the specification of objects is optional), to enquire what it is. The question could be either open-ended or closed-end with certain options mentioned. Could be used with place, objects, people and time (i.e. where; which; whom; when).",呢隻手錶邊度有得賣啊？,Words.HK,你打俾邊個啊？,Words.HK
邊,bin1,"When used alone and placed in the object, it is to enquire the place, same as ""where"" or ""which place(s)"" meant by #邊度 bin1 dou6, #邊處 bin1 syu3 or 邊個/啲地方 bin1 go3/di1 dei6 fong1.",呢兩本詞典嘅分別喺邊呢？,Words.HK,你泊咗架車喺邊啊？,Words.HK
邊,bin1,"When used alone and placed in the beginning of a sentence or near the subject, it is no longer an interrogative to seek information but a rhetorical question word as a construction of a negative meaning to oppose the hearer's belief. Could be replaced with #邊度 bin1 dou6 or #點 dim2",間舖靜英英，邊有人吖？,Words.HK,邊夠你好彩啊？,Words.HK
邊,bin1,party; side; opposing groups,將啲學生分成兩邊。,Words.HK,你幫邊邊㗎？,Words.HK
酸,syun1,sour; tart,個橙好酸啊！,Words.HK,老豆一返到屋企我就聞到佢對襪又酸又臭。,Words.HK
酸,syun1,"to be angry by envy, to feel upset by jealousy; a variant of the expression ""sour grapes"" originating from ""The Fox and the Grapes"" in Aesop's Fables",一聽到舊男友結識到新歡，你睇佢個樣酸到呢。,Words.HK,唔駛咁酸喎，遲下一定好快到你啦。,Words.HK
重,zung6,still; to indicate that the action or status is unchanged or is repeating,佢喺呢間公司做咗五六年都冇升過職，重係一個辦公室助理。,Words.HK,重有啲問題要解決。,Words.HK
重,zung6,"still; to indicate that the time has not come yet, or to indicate something is not yet ready",距離交卷時間重有十五分鐘。,Words.HK,你嘅演説技巧重有進步空間，繼續努力！,Words.HK
重,zung6,even more,今日重潮濕過尋日。,Words.HK,落雨重好，可以留喺屋企休息下。,Words.HK
重,zung6,in addition; and; last but not least,雞蛋六隻，糖呢就兩茶匙，重有啲橙皮添。,Words.HK,重有啲咩要帶啊？,Words.HK
釘,deng1,to nail; to pin,將張告示釘上塊板度。,Words.HK,將兩張紙釘埋一齊。,Words.HK
釘,deng1,to die,佢舊年心臟病發釘咗。,Words.HK,「但係你老母講你就快釘？」,Words.HK
閃,sim2,bright and shiny; also used to describe such a happy and sweet relationship that it is the subject of envy,粒鑽石好閃啊！,Words.HK,日日都post拍拖嘅相，使唔使咁閃呀？,Words.HK
閃,sim2,to flash; to twinkle; to sparkle,天上嘅星星閃吓閃吓。,Words.HK,嗰盞燈閃緊，可能係求救訊號！,Words.HK
閃,sim2,"to leave, especially quickly or secretly",點呀？閃得未？,Words.HK,我趁佢嚟到之前閃咗喇。,Words.HK
開,hoi1,away; elsewhere,畀啲膽，游開啲。,Words.HK,拎開晒啲電腦啦！,Words.HK
開,hoi1,to issue; to dispense,醫生開咗張病假紙俾你。,Words.HK,醫生有冇開藥俾你？,Words.HK
面,min6,face (showing one's appearance and facial expressions); appearance,佢塊面好滑。,Words.HK,快啲洗面啦。,Words.HK
面,min6,"side; aspect; only used with #一 jat1 ""one""",不為人知嘅一面,Words.HK,呢層只係問題嘅其中一面。,Words.HK
頂,ding2,to hang on; to bear; to withstand,頂住呀！就快到醫院喇。,Words.HK,近排心力交瘁，唔知可以頂到幾耐。,Words.HK
頂,ding2,to change the ownership of a business,陳生頂咗間舖嚟做。,Words.HK,間公司頂咗俾人。,Words.HK
鬼,gwai2,not (after monosyllabic verbs except #冇 mou5); used in a relatively heightened emotional state to negate the patient,佢都 short short 哋嘅，我理鬼佢。,Words.HK,甲：「粉紅色真係好靚囉！」乙：「係鬼…… 」,Words.HK
鬼,gwai2,"used in a relatively heightened emotional state to focus on the negation of the action and, when without subjects, to denote the absence of agents, as an equivalent of indefinite pronouns ""nobody"" and ""no one"" in English",鬼同你講笑呀而家！,Words.HK,鬼知佢搞咩唧！,Words.HK
鬼,gwai2,"intensifier following verbs which are usually monosyllabic and transitive, closer than #死 sei2 and suffices to the verb",佢哋走鬼晒，攋低我一個。,Words.HK,封信晨早掉鬼咗啦！,Words.HK
鬼,gwai2,"infix between adverbs, including #咁 gam3, #好 hou2, #幾 gei2, #勁 ging6 or #最 zeoi3, and adjectives to denote a strong degree",佢真係勁鬼搞嘢嘅唧。,Words.HK,我最鬼鍾意食叉燒㗎嘞。,Words.HK
鬼,gwai2,"affixed to negate any adjective or verb with a positive or affirmative connotation, after its first syllable; ""not ... at all""; ""extremely not""",你唔喺佢身邊，佢開鬼心呀！,Words.HK,冇練咁耐，退步咗好多喇，犀鬼利咩。,Words.HK
鬼,gwai2,"infix used to strengthen the negative connotation after the first syllable of certain non-positive adjectives, adverbs, pronouns, or predicate-object compound verbs",一諗起佢就激鬼氣。,Words.HK,封信同張相留嚟棧谷鬼氣！,Words.HK
鬼,gwai2,traitor; spy within an organisation or a camp; the rat,我懷疑我哋部門有鬼放料畀佢哋。,Words.HK,做咩唔聽指示行動啊？講！你係咪鬼？,Words.HK
點,dim2,"o'clock; can be followed by more fine-grained units like #正 zing3 (on the dot), #半 bun3 (half-past), 個骨 go3 gwat1 (quarter hour), #沓 daap6 and 個字 go3 zi6 (5-minute increments), or #分 fan1 (minutes)",十二點十一分,Words.HK,「而家幾點啊？」「八點三。」,Words.HK
點,dim2,how; in what way; in what manner,郵局點去㗎？,Words.HK,個面試點啊？,Words.HK
點,dim2,"whatever; however; used in conditionals to substitute a situation, a method, or some way of doing things",應該點做就點做，唔使問我㗎嘞。,Words.HK,你想點咪點囉。,Words.HK
