id,target,sentence1,sentence2,label
135,咩,企喺佢隔籬嗰個係咩人嚟㗎？,你睇唔睇到佢拎緊咩呀？,similar
1080,屌,嘩屌，今日恒指跌咗 8% 呀！,今次實俾老闆屌鑊甘。,not_similar
1508,重,重有啲問題要解決。,雞蛋六隻，糖呢就兩茶匙，重有啲橙皮添。,not_similar
353,唔,今晚我唔喺屋企食飯。,唔...不如去嗰間餐廳吖！,not_similar
557,揈,佢揈下條竹嗰啲水。,細個玩氹氹轉嗰陣，試過揈咗齣嚟，跌親個下巴要連針。,not_similar
255,識,你識唔識講廣東話呀？,佢唔識用電腦㗎。,similar
275,酸,個橙好酸啊！,老豆一返到屋企我就聞到佢對襪又酸又臭。,similar
843,咩,你良心過意得去咩？,同你有親咩！黐到咁埋！,not_similar
98,係,阿力係叻仔，我對佢有信心。,愛因斯坦係二十世紀嘅著名物理學家。,similar
1221,望,你望咁耐㗎？望到入晒神呀？,望就噉望啦。,not_similar
117,冇,佢冇食晚飯。,我冇再發燒喇。,similar
71,嘥,食埋個麪包，唔好嘥嘢呀。,嘥咗好多時間。,similar
1534,閃,天上嘅星星閃吓閃吓。,點呀？閃得未？,not_similar
205,望,而家望就望佢冇事啦。,望就噉望啦。,similar
273,邊,間舖靜英英，邊有人吖？,邊夠你好彩啊？,similar
299,點,十二點十一分,「而家幾點啊？」「八點三。」,similar
1006,夠,佢怨我？我夠怨佢咯！,我夠錢買新電話喇。,not_similar
194,整,小心佢整件杰嘅俾你嘆。,伙記，整兩籠燒賣過嚟吖。,similar
363,西北風,西北風係由西北吹來嘅風。,等到冇米落鑊，大人細路一齊飲西北風啦！,not_similar
1400,補,個空缺已經有人補上。,我幫緊一個學生補數學同英文。,not_similar
778,入,我入咗十大呀！,我入咗十手匯豐。,not_similar
137,咩,呢間舖咁細，咩都冇得買嘅。,咩人都可以參加呢個活動㗎。,similar
134,咩,我呃你有獎咩？,同你有親咩！黐到咁埋！,similar
628,係,1微米係1000000分之1米。,我係識做，不過我唔會幫手㗎。,not_similar
491,啹,頭先搬嘢又熱又攰，飲完杯嘢成個人啹曬！,你啹氣嗰陣揞住個口啦，如果唔係好冇禮貌㗎。,not_similar
709,先,佢九點先嚟，晏唔晏啲啊？,佢話得先得。,not_similar
871,咩,企喺佢隔籬嗰個係咩人嚟㗎？,你話四咩八二話？,not_similar
108,先,而家先五點，好早啫！,廣東話先有得咁講，英文冇囉。,similar
1167,整,我整咗個蛋糕送俾女朋友。,阿輝唔小心整跌阿欣最鍾意嗰隻杯。,not_similar
287,開,醫生開咗張病假紙俾你。,醫生有冇開藥俾你？,similar
753,先,廣東話先有得咁講，英文冇囉。,你要等我唞下先。,not_similar
803,印,佢個笑容深深咁印喺我腦海入面。,我印咗份表格出嚟俾你。,not_similar
390,禁,呢個國傢禁咗香口膠㗎。,我唔禁激㗎。,not_similar
463,𢺳,𢺳住塊大石爬上去。,最後又𢺳翻幾分？,not_similar
759,先,你以為佢咁蠢咩？佢先唔蠢啊！,你要等我唞下先。,not_similar
36,㗎啦,你哋咁快就做完㗎啦？,咁早就瞓覺㗎啦？,similar
865,咩,同你有親咩！黐到咁埋！,你話四咩八二話？,not_similar
749,先,廣東話先有得咁講，英文冇囉。,你話係咪先？,not_similar
40,摵,佢好嬲噉摵爛封信。,好多人食包嗰陣都會先摵咗錶麵嗰層薄皮然後先再食入麵啲叉燒。,similar
185,接,子明打羽毛球成日接唔住個波。,子明，接好啲啦。,similar
511,㷫,一講到呢樣佢就㷫嘞。,佢一㷫起嚟就幾好嘅。,not_similar
285,閃,點呀？閃得未？,我趁佢嚟到之前閃咗喇。,similar
998,埋,我打埋呢鋪機就出來食飯。,佢成日做埋啲噉嘅嘢，遲早有報應㗎！,not_similar
28,繑,最後大傢一齊繑手跳舞，再為逝去嘅日子再飲多杯。,佢畀嗮啲嘢你做，你忙到踢嗮腳嗰陣佢仲可以繑埋雙手䟴䟴腳等你幫佢做埋，唔通噉樣真係對佢好咩？,similar
148,埋,佢話要男女平等，餐餐食飯張單咪又係我埋。,埋好條數咪知賺幾多囉。,similar
126,去,你去咗邊呀？,由呢度去機場要一個鐘。,similar
83,一,入房同我傾一傾吖。,請你等一等。,similar
125,印,印我個名喺件T後面。,我印咗份表格出嚟俾你。,similar
1511,重,距離交卷時間重有十五分鐘。,落雨重好，可以留喺屋企休息下。,not_similar
161,好,條友勁好呃，人哋講乜佢都信。,張新梳化幾好坐喎！,similar
1161,撚,食撚屎啦你！,個政府都荒撚謬嘅！,not_similar
480,孭,咁大個人重要人孭呀?,呢個計劃我孭嘅。,not_similar
367,油瓶,舊時茶樓食嘅燒賣，其實都都幾大隻，佢重有個花名叫做油瓶枳。,又唔係油瓶仔怕咩?,not_similar
1037,好,我啱啱收到好消息。,佢潛咗好一排水。,not_similar
232,組織,三合會係一個黑社會組織。,呢個慈善組織致力於幫助弱勢社群。,similar
142,嘅,我知道你一定會幫我嘅。,唔使用劍嘅，用黑旋風（牌子）就得啦。,similar
35,㗎啦,唔好嬲啦，嗰啲人係噉㗎啦。,最好係各自寫平安紙，寫清楚啲就得㗎啦。,similar
202,有,火星上可能有生命。,地鐵站有洗手間。,similar
1538,開,畀啲膽，游開啲。,醫生開咗張病假紙俾你。,not_similar
236,緊,我喺小學教緊中文。,我返緊份好忙嘅工，冇乜機會見朋友。,similar
73,揈,一拳揈埋去。,你咁大力，畀你揈一拳得 嘅！,similar
181,得,得！我即刻嚟。,信我啦，你得嘅。,similar
166,就,餐飯就食得喇。,就搞掂喇，俾多少少時間我啦。,similar
1632,鬼,封信同張相留嚟棧谷鬼氣！,我懷疑我哋部門有鬼放料畀佢哋。,not_similar
742,先,而家先五點，好早啫！,你以為佢咁蠢咩？佢先唔蠢啊！,not_similar
1611,鬼,佢真係勁鬼搞嘢嘅唧。,冇練咁耐，退步咗好多喇，犀鬼利咩。,not_similar
119,分,糯米同白米你都唔識分？,水其實都有軟硬之分。,similar
290,頂,頂住呀！就快到醫院喇。,近排心力交瘁，唔知可以頂到幾耐。,similar
116,入,我入咗十手匯豐。,我入咗十箱即食麪，就算封城一個月都唔怕餓親。,similar
500,當我,當我開始覺得係咪有返機會時，又話都係朋友。,你當我傻架?,not_similar
219,段,估唔到呢段感情就噉冇咗。,我會好好珍惜呢段關係。,similar
1242,格,廁所得返最入面嗰格冇人用。,明明唔係噉樣格！,not_similar
991,埋,你買餸嗰陣，記得順手幫我去郵局交埋水電單。,我講埋呢句，之後先到你。,not_similar
136,咩,大陸唔係叫佢做碧咸㗎，叫貝克咩咩咁㗎！,你話四咩八二話？,similar
234,組織,考生有幾分鐘時間組織發言內容。,你組織下思路先好講嘢。,similar
530,㷫,你個額頭好㷫，係唔係發燒呀？,俾啲牛油同埋哩個蠟燭㷫住嘅。,not_similar
87,中間,喺兩堂中間，有一個五分鐘嘅小息。,佢坐喺爸爸同哥哥中間。,similar
620,係,1微米係1000000分之1米。,阿力係叻仔，我對佢有信心。,not_similar
107,先,佢要食三碗飯先飽。,佢話得先得。,similar
51,𢺳,𢺳住塊大石爬上去。,你𢺳住個扶手就唔驚啦。,similar
33,岌,嗰張凳𢳆𢳆岌噉，邊個敢坐？,風吹度門岌得好犀利。,similar
1432,通,佢個電話打唔通。,呢句句子唔通喎。,not_similar
902,啊,咖啡啊，奶茶啊，檸茶啊，一般嘅飲品我哋都有。,你啊，同我做晒啲嘢啊～,not_similar
1418,車,我順路車你去大埔吖。,你識唔識得車衫㗎？,not_similar
112,兜,頭先講錯嘢，好彩兜得返啫。,佢同另一個女仔嘅情慾短訊俾女朋友發現咗，今次真係冇得兜喇。,similar
23,油瓶,舊時茶樓食嘅燒賣，其實都都幾大隻，佢重有個花名叫做油瓶枳。,採用重力設計嘅油瓶，傾斜時自動打開，唔會溢出，抬起時自動關閉。,similar
1451,過,我琴日去過間學校。,你週末打算點過呢？,not_similar
16,冚,你冚住張氈都凍呀？,一個大浪冚埋嚟。,similar
356,唔,今晚我唔喺屋企食飯。,你可唔可以車我去地鐵站呀？,not_similar
493,啹,爸爸锡咗佢兩啖，佢個心都啹曬啦。,你啹氣嗰陣揞住個口啦，如果唔係好冇禮貌㗎。,not_similar
587,中間,喺兩堂中間，有一個五分鐘嘅小息。,個mon中間裂咗。,not_similar
1166,整,我整咗個蛋糕送俾女朋友。,按摩師整到我膊頭鬆晒，好舒服。,not_similar
186,接,我今晚接你放工。,我而家去接我個仔放學。,similar
189,撚,做撚完先講？,食撚屎啦你！,similar
1336,緊,我拍緊拖呀，唔好阻住晒啦！,齊人未？好似爭緊個喎。,not_similar
315,𠺘,記得𠺘乾淨個口。,起樓要起個𠺘齣嚟就好快，但做埋內部裝修就要多好多時間。,not_similar
1077,就,隻錶咪就係佢送俾我㗎囉。,就揀呢隻色啦。,not_similar
295,鬼,佢真係勁鬼搞嘢嘅唧。,我最鬼鍾意食叉燒㗎嘞。,similar
138,啊,我買咗部相機啊。,唔係啊，你搭錯車喇。,similar
